"nome","finalidade","origem","url","versao_ou_commit","licenca","sha256","data_de_obtencao","situacao_de_redistribuicao"
"000webhost.txt","000webhost (senhas sem PII)","SecLists","https://raw.githubusercontent.com/danielmiessler/SecLists/master/Passwords/Leaked-Databases/000webhost.txt","master (commit não fixado)","não comprovada localmente","b623185c720ec49e8892144b8e8fdc59156819f65089813039b1b2537b38d75f","2026-08-14 (mtime local; não comprova download)","não distribuível / uso local"
"0xc0da-ptbr.txt","BRDumps 0xc0da pt-BR","BRDumps/wordlists","https://raw.githubusercontent.com/BRDumps/wordlists/master/0xc0da-ptbr.txt","master (commit não fixado)","não comprovada localmente","f183c168f43818a04ce21acf216b9498b333f617978405a05762745422d9c15f","2026-08-14 (mtime local; não comprova download)","não distribuível / uso local"
"100k-most-used-passwords-NCSC.txt","Top-100k NCSC (Reino Unido)","SecLists","https://raw.githubusercontent.com/danielmiessler/SecLists/master/Passwords/Common-Credentials/100k-most-used-passwords-NCSC.txt","master (commit não fixado)","não comprovada localmente","c2e5696882c603b76bb67a47ee970897e5a76fc4c3f5547abe3d0ca340c576e0","2026-08-14 (mtime local; não comprova download)","não distribuível / uso local"
"10k-most-common.txt","Top-10k comuns","SecLists","https://raw.githubusercontent.com/danielmiessler/SecLists/master/Passwords/Common-Credentials/10k-most-common.txt","master (commit não fixado)","não comprovada localmente","4adb3f0afb4a10cf19ebe48d8c69a46f934bbc8d77c694c210564f9583e7f4ba","2026-08-14 (mtime local; não comprova download)","não distribuível / uso local"
"2025-199_most_used_passwords.txt","Top-199 de 2025 (atual)","SecLists","https://raw.githubusercontent.com/danielmiessler/SecLists/master/Passwords/Common-Credentials/2025-199_most_used_passwords.txt","master (commit não fixado)","não comprovada localmente","5bc5e9cb580bbc5c02999b8f96694f692fbc24c140f814c917069aabee174529","2026-08-14 (mtime local; não comprova download)","não distribuível / uso local"
"500-worst-passwords.txt","500 piores senhas","SecLists","https://raw.githubusercontent.com/danielmiessler/SecLists/master/Passwords/Common-Credentials/500-worst-passwords.txt","master (commit não fixado)","não comprovada localmente","91ae15ff637c9187aa102dc180952840523a5eed024392c5d038e0305e658608","2026-08-14 (mtime local; não comprova download)","não distribuível / uso local"
"alleged-gmail-passwords.txt","Gmail alegadas (senhas sem PII)","SecLists","https://raw.githubusercontent.com/danielmiessler/SecLists/master/Passwords/Leaked-Databases/alleged-gmail-passwords.txt","master (commit não fixado)","não comprovada localmente","5ff5f00fb181062458614e9e1bc67554a855f767958b052a89c8bac546e3a9bf","2026-08-14 (mtime local; não comprova download)","não distribuível / uso local"
"Arabic_common-password-list-top-487.txt","Arabe top-487","SecLists","https://raw.githubusercontent.com/danielmiessler/SecLists/master/Passwords/Common-Credentials/Language-Specific/Arabic_common-password-list-top-487.txt","master (commit não fixado)","não comprovada localmente","b861a430fd9d801226a98474132577bb27083034f68f99ce6643c0d2b4996b7c","2026-08-14 (mtime local; não comprova download)","não distribuível / uso local"
"Ashley-Madison.txt","Ashley Madison (senhas sem PII)","SecLists","https://raw.githubusercontent.com/danielmiessler/SecLists/master/Passwords/Leaked-Databases/Ashley-Madison.txt","master (commit não fixado)","não comprovada localmente","1994fd854849dbd4bbf4918991da5fb5e985112db1efe42537f7256ad26a8699","2026-08-14 (mtime local; não comprova download)","não distribuível / uso local"
"biblic-words-pt-br.txt","BRDumps palavras biblicas","BRDumps/wordlists","https://raw.githubusercontent.com/BRDumps/wordlists/master/biblic-words-pt-br.txt","master (commit não fixado)","não comprovada localmente","19a1973fdd600b192c3d4fea052b00cfcd364ead997dd8c7c17c87bd25db1168","2026-08-14 (mtime local; não comprova download)","não distribuível / uso local"
"brazilian-soccer-teams.txt","BRDumps times de futebol BR","BRDumps/wordlists","https://raw.githubusercontent.com/BRDumps/wordlists/master/brazilian-soccer-teams.txt","master (commit não fixado)","não comprovada localmente","05ec81e923c77f29bf9ec7ef336513f4ae393b954bb3d9a1ae8a4fbd68265c79","2026-08-14 (mtime local; não comprova download)","não distribuível / uso local"
"Chinese-common-password-list-top-100000.txt","Chines top-100k","SecLists","https://raw.githubusercontent.com/danielmiessler/SecLists/master/Passwords/Common-Credentials/Language-Specific/Chinese-common-password-list-top-100000.txt","master (commit não fixado)","não comprovada localmente","5acd0862c3b6efccc12f7f94f96ba5e45ab4d455d7e63b55c59a2510dfea2fae","2026-08-14 (mtime local; não comprova download)","não distribuível / uso local"
"cirt-net_collection.txt","Colecao CIRT default creds","SecLists","https://raw.githubusercontent.com/danielmiessler/SecLists/master/Passwords/Default-Credentials/cirt-net_collection.txt","master (commit não fixado)","não comprovada localmente","c1509da3325f0bb19bcfaa8d792b028238a5bd09046a1787d33fc447f77596ca","2026-08-14 (mtime local; não comprova download)","não distribuível / uso local"
"darkweb2017_top-10000.txt","Darkweb 2017 top-10k","SecLists","https://raw.githubusercontent.com/danielmiessler/SecLists/master/Passwords/Common-Credentials/darkweb2017_top-10000.txt","master (commit não fixado)","não comprovada localmente","479f095b0dfbae07546245441f64a45b7137352617b4caf25b81ea551e67c9af","2026-08-14 (mtime local; não comprova download)","não distribuível / uso local"
"db2-betterdefaultpasslist.txt","DB2 default creds","SecLists","https://raw.githubusercontent.com/danielmiessler/SecLists/master/Passwords/Default-Credentials/db2-betterdefaultpasslist.txt","master (commit não fixado)","não comprovada localmente","34b3a8cbdf13d92b4d8e9c287631fb4afb9e3d07056844e4aca1703b0e798333","2026-08-14 (mtime local; não comprova download)","não distribuível / uso local"
"default-passwords.csv","Credenciais padrao (CSV)","SecLists","https://raw.githubusercontent.com/danielmiessler/SecLists/master/Passwords/Default-Credentials/default-passwords.csv","master (commit não fixado)","não comprovada localmente","af5fb62a1458e053e17630c043306be6c7327738c3f93d1768a2bf1cc4ece45f","2026-08-14 (mtime local; não comprova download)","não distribuível / uso local"
"default-passwords.txt","Credenciais padrao (TXT)","SecLists","https://raw.githubusercontent.com/danielmiessler/SecLists/master/Passwords/Default-Credentials/default-passwords.txt","master (commit não fixado)","não comprovada localmente","6ebb74eaa70eea703c689e29810390008f47501591dc9d62f52ce0a96a287359","2026-08-14 (mtime local; não comprova download)","não distribuível / uso local"
"dic-ptbr-utf8-2.txt","BRDumps dicionario pt-BR v2","BRDumps/wordlists","https://raw.githubusercontent.com/BRDumps/wordlists/master/dic-ptbr-utf8-2.txt","master (commit não fixado)","não comprovada localmente","5d0ce8b1cf113760709d046a2dc8e3045a4a47f3c9ce991ba8600cc3a40db3f9","2026-08-14 (mtime local; não comprova download)","não distribuível / uso local"
"dic-ptbr-utf8.txt","BRDumps dicionario pt-BR","BRDumps/wordlists","https://raw.githubusercontent.com/BRDumps/wordlists/master/dic-ptbr-utf8.txt","master (commit não fixado)","não comprovada localmente","6372683d274a7d0d8ef1d0c1d837dbdced17657aa7e5a9e4566ffbbdc239b612","2026-08-14 (mtime local; não comprova download)","não distribuível / uso local"
"Dutch_common-pasword-list.txt","Holandes (nome original do SecLists)","SecLists","https://raw.githubusercontent.com/danielmiessler/SecLists/master/Passwords/Common-Credentials/Language-Specific/Dutch_common-pasword-list.txt","master (commit não fixado)","não comprovada localmente","35398c7f5ac358d1b5f5f3224c309ac5d41fd6a27ea88cd80b213b6a55d2fac7","2026-08-14 (mtime local; não comprova download)","não distribuível / uso local"
"first-name-pt-br.txt","BRDumps nomes brasileiros","BRDumps/wordlists","https://raw.githubusercontent.com/BRDumps/wordlists/master/first-name-pt-br.txt","master (commit não fixado)","não comprovada localmente","6510dbbad0f183a42ee9e6bbf09729f8d573eaffae8999e94b7c73dedc89d287","2026-08-14 (mtime local; não comprova download)","não distribuível / uso local"
"fortinet-2021_passwords.txt","Fortinet 2021 (senhas sem PII)","SecLists","https://raw.githubusercontent.com/danielmiessler/SecLists/master/Passwords/Leaked-Databases/fortinet-2021_passwords.txt","master (commit não fixado)","não comprovada localmente","6b9a57a8a3d8cfce01bd1e0f6892aafdefbdb03c1551351d70f8fb25da29425d","2026-08-14 (mtime local; não comprova download)","não distribuível / uso local"
"French-common-password-list-top-20000.txt","Frances top-20k","SecLists","https://raw.githubusercontent.com/danielmiessler/SecLists/master/Passwords/Common-Credentials/Language-Specific/French-common-password-list-top-20000.txt","master (commit não fixado)","não comprovada localmente","6eed7c682afb0b085b1a2664c3f4be6df933c7fcfbe4389023cb51e4ab4de15a","2026-08-14 (mtime local; não comprova download)","não distribuível / uso local"
"ftp-betterdefaultpasslist.txt","FTP default creds","SecLists","https://raw.githubusercontent.com/danielmiessler/SecLists/master/Passwords/Default-Credentials/ftp-betterdefaultpasslist.txt","master (commit não fixado)","não comprovada localmente","5c3e05dd160fcfac0dec84ce187f35e78fba0cf501525649da608b94bac08ab2","2026-08-14 (mtime local; não comprova download)","não distribuível / uso local"
"German_common-password-list-top-10000.txt","Alemao top-10k","SecLists","https://raw.githubusercontent.com/danielmiessler/SecLists/master/Passwords/Common-Credentials/Language-Specific/German_common-password-list-top-10000.txt","master (commit não fixado)","não comprovada localmente","5fdca9f5653711b2fd2287b919dd1db47f322e1f7d493c7e5e000025e9538049","2026-08-14 (mtime local; não comprova download)","não distribuível / uso local"
"honeynet.txt","Honeynet","SecLists","https://raw.githubusercontent.com/danielmiessler/SecLists/master/Passwords/Leaked-Databases/honeynet.txt","master (commit não fixado)","não comprovada localmente","ae5ea7c6a79c524b435e99b858214b433d133b3cb9a04edcba2fcd73857e11ef","2026-08-14 (mtime local; não comprova download)","não distribuível / uso local"
"Italian_Pwdb_common-password-list-top-150.txt","Italiano top-150","SecLists","https://raw.githubusercontent.com/danielmiessler/SecLists/master/Passwords/Common-Credentials/Language-Specific/Italian_Pwdb_common-password-list-top-150.txt","master (commit não fixado)","não comprovada localmente","561c189753baad3b3b6a90539adebe9c61c248d8e840bfdcc04f96837532b6df","2026-08-14 (mtime local; não comprova download)","não distribuível / uso local"
"md5decryptor-uk.txt","md5decryptor UK","SecLists","https://raw.githubusercontent.com/danielmiessler/SecLists/master/Passwords/Leaked-Databases/md5decryptor-uk.txt","master (commit não fixado)","não comprovada localmente","e5e2eb8042e6ab9a4e36318b326d32f522931cb5376fb553e6a119e962ed7eb7","2026-08-14 (mtime local; não comprova download)","não distribuível / uso local"
"mssql-betterdefaultpasslist.txt","MSSQL default creds","SecLists","https://raw.githubusercontent.com/danielmiessler/SecLists/master/Passwords/Default-Credentials/mssql-betterdefaultpasslist.txt","master (commit não fixado)","não comprovada localmente","91891c00d643e3fdc8829d53308f0bc230760d01c23a7f98fac7fdb4a832a9cc","2026-08-14 (mtime local; não comprova download)","não distribuível / uso local"
"muslimMatch.txt","MuslimMatch","SecLists","https://raw.githubusercontent.com/danielmiessler/SecLists/master/Passwords/Leaked-Databases/muslimMatch.txt","master (commit não fixado)","não comprovada localmente","da472f5f21c5c9034949789690e44c6cb7d85da2d4e63d358a9a517802b6b82e","2026-08-14 (mtime local; não comprova download)","não distribuível / uso local"
"myspace.txt","MySpace (senhas sem PII)","SecLists","https://raw.githubusercontent.com/danielmiessler/SecLists/master/Passwords/Leaked-Databases/myspace.txt","master (commit não fixado)","não comprovada localmente","f3accea6a571ae8d2c68a6efe33ec1426a037011bd8236c2290a02342224bd92","2026-08-14 (mtime local; não comprova download)","não distribuível / uso local"
"mysql-betterdefaultpasslist.txt","MySQL default creds","SecLists","https://raw.githubusercontent.com/danielmiessler/SecLists/master/Passwords/Default-Credentials/mysql-betterdefaultpasslist.txt","master (commit não fixado)","não comprovada localmente","3e070cc51402498d34d4cd6bdf20beb0663c06793fb9b9fb5eb779bf4139c301","2026-08-14 (mtime local; não comprova download)","não distribuível / uso local"
"oracle-betterdefaultpasslist.txt","Oracle DB default creds","SecLists","https://raw.githubusercontent.com/danielmiessler/SecLists/master/Passwords/Default-Credentials/oracle-betterdefaultpasslist.txt","master (commit não fixado)","não comprovada localmente","bf5d0f431975b258192b28dac087b7b1822aee26aac69aa192101b0614d0272e","2026-08-14 (mtime local; não comprova download)","não distribuível / uso local"
"passwords_base.lst","base local de senhas comuns","não documentada","","não documentada","não comprovada localmente","ebc980bc396496ff666feb63c54ac4873039640fcfa08d9162c5da0bcf6504dd","2026-08-14 (mtime local; não comprova obtenção)","não distribuível / uso local"
"phpbb.txt","phpBB (senhas sem PII)","SecLists","https://raw.githubusercontent.com/danielmiessler/SecLists/master/Passwords/Leaked-Databases/phpbb.txt","master (commit não fixado)","não comprovada localmente","fc013400a6894d365e511015d16d146edf3866c75ab834e1dff0cc8ae364f288","2026-08-14 (mtime local; não comprova download)","não distribuível / uso local"
"Polish-common-password-list.txt","Polones","SecLists","https://raw.githubusercontent.com/danielmiessler/SecLists/master/Passwords/Common-Credentials/Language-Specific/Polish-common-password-list.txt","master (commit não fixado)","não comprovada localmente","8a856225a3d698588df6f6e3c96d3e019fcfa7a2ffe5894ad85327e213ab46c4","2026-08-14 (mtime local; não comprova download)","não distribuível / uso local"
"Portugese_Pwdb_common-password-list-top-150.txt","Portugues top-150","SecLists","https://raw.githubusercontent.com/danielmiessler/SecLists/master/Passwords/Common-Credentials/Language-Specific/Portugese_Pwdb_common-password-list-top-150.txt","master (commit não fixado)","não comprovada localmente","e827d8607d9812e0140be005fcff49d1a0a151cfa853e392127ae79d61fdaf38","2026-08-14 (mtime local; não comprova download)","não distribuível / uso local"
"postgres-betterdefaultpasslist.txt","PostgreSQL default creds","SecLists","https://raw.githubusercontent.com/danielmiessler/SecLists/master/Passwords/Default-Credentials/postgres-betterdefaultpasslist.txt","master (commit não fixado)","não comprovada localmente","68d9f23d3dccec63466c03cebc1ff6d71966afca9d84977e0b04793b542ee5d8","2026-08-14 (mtime local; não comprova download)","não distribuível / uso local"
"probable-v2_top-12000.txt","Probable-v2 top-12k","SecLists","https://raw.githubusercontent.com/danielmiessler/SecLists/master/Passwords/Common-Credentials/probable-v2_top-12000.txt","master (commit não fixado)","não comprovada localmente","ea4c906ebb0b26790c549a047962573f72ccc26f42212b83d70165d9c03fb72b","2026-08-14 (mtime local; não comprova download)","não distribuível / uso local"
"probable-v2_top-1575.txt","Probable-v2 top-1575","SecLists","https://raw.githubusercontent.com/danielmiessler/SecLists/master/Passwords/Common-Credentials/probable-v2_top-1575.txt","master (commit não fixado)","não comprovada localmente","3ce41d89e5e75075f3e73ebf1b32121dd873510f2b242dc69c177707ade06dbb","2026-08-14 (mtime local; não comprova download)","não distribuível / uso local"
"probable-v2_top-207.txt","Probable-v2 top-207","SecLists","https://raw.githubusercontent.com/danielmiessler/SecLists/master/Passwords/Common-Credentials/probable-v2_top-207.txt","master (commit não fixado)","não comprovada localmente","6cf9ba332f98f5b7ccaa3384bfeecb021a96307a54e658822b23173b8508ad50","2026-08-14 (mtime local; não comprova download)","não distribuível / uso local"
"pt-br-passphrases.txt","BR passphrases 2.4M (frases em portugues)","victormagalhaess/pt-br-passphrase-wordlist","https://github.com/victormagalhaess/pt-br-passphrase-wordlist/releases/download/v2024.1/passphrases.txt","v2024.1","não comprovada localmente","1bd9e03bb1bfa3b1279688b2f0c123f9ec9a7ffd252f5abcee6200e035c97707","2026-08-14 (mtime local; não comprova download)","não distribuível / uso local"
"Pwdb_top-1000.txt","Pwdb top-1k (base 1 bilhao)","SecLists","https://raw.githubusercontent.com/danielmiessler/SecLists/master/Passwords/Common-Credentials/Pwdb_top-1000.txt","master (commit não fixado)","não comprovada localmente","9a648a4f30a399af3fed0ff097d7c4f98a73e2e043ba9748d84a1c49f23c0725","2026-08-14 (mtime local; não comprova download)","não distribuível / uso local"
"Pwdb_top-10000.txt","Pwdb top-10k","SecLists","https://raw.githubusercontent.com/danielmiessler/SecLists/master/Passwords/Common-Credentials/Pwdb_top-10000.txt","master (commit não fixado)","não comprovada localmente","d9a018818f2357ac34c0534bdfd67826811859ae858bfd6398559085c7f4e925","2026-08-14 (mtime local; não comprova download)","não distribuível / uso local"
"Pwdb_top-100000.txt","Pwdb top-100k","SecLists","https://raw.githubusercontent.com/danielmiessler/SecLists/master/Passwords/Common-Credentials/Pwdb_top-100000.txt","master (commit não fixado)","não comprovada localmente","07f876a616f08fb2cc5c3e0ce04e4a6d1123380580472b0997baebc4e8226977","2026-08-14 (mtime local; não comprova download)","não distribuível / uso local"
"rockyou-75.txt","RockYou filtrada (ate 75 chars)","SecLists","https://raw.githubusercontent.com/danielmiessler/SecLists/master/Passwords/Leaked-Databases/rockyou-75.txt","master (commit não fixado)","não comprovada localmente","d36811f6d5c8dd78c52738efa730689422ac2a9a0ea28255928ae16fbbbcb83d","2026-08-14 (mtime local; não comprova download)","não distribuível / uso local"
"rockyou.txt","RockYou 14M (vazamento classico de 2009)","brannondorsey/naive-hashcat release data","https://github.com/brannondorsey/naive-hashcat/releases/download/data/rockyou.txt","release data (commit não fixado)","não comprovada localmente","6dfa76aa0e02303994fd1062d0ac983f0b69ece5474d85a5bba36362e19c1076","2026-08-14 (mtime local; não comprova download)","não distribuível / uso local"
"Russian_Pwdb_common-password-list-top-150.txt","Russo top-150","SecLists","https://raw.githubusercontent.com/danielmiessler/SecLists/master/Passwords/Common-Credentials/Language-Specific/Russian_Pwdb_common-password-list-top-150.txt","master (commit não fixado)","não comprovada localmente","34b777680e97f46548f288cab39b889915f13401088096b6ffba0fcba8145357","2026-08-14 (mtime local; não comprova download)","não distribuível / uso local"
"Spanish_Pwdb_common-password-list-top-150.txt","Espanhol top-150","SecLists","https://raw.githubusercontent.com/danielmiessler/SecLists/master/Passwords/Common-Credentials/Language-Specific/Spanish_Pwdb_common-password-list-top-150.txt","master (commit não fixado)","não comprovada localmente","46cda56105d02a06a02155619a62eed89f2c4879bea45828907bcea3a6ec7a72","2026-08-14 (mtime local; não comprova download)","não distribuível / uso local"
"ssh-betterdefaultpasslist.txt","SSH default creds","SecLists","https://raw.githubusercontent.com/danielmiessler/SecLists/master/Passwords/Default-Credentials/ssh-betterdefaultpasslist.txt","master (commit não fixado)","não comprovada localmente","774952c118d8939037329d3dda78dbac793de4007a25dc3719918dc1a4936d91","2026-08-14 (mtime local; não comprova download)","não distribuível / uso local"
"telnet-betterdefaultpasslist.txt","Telnet default creds","SecLists","https://raw.githubusercontent.com/danielmiessler/SecLists/master/Passwords/Default-Credentials/telnet-betterdefaultpasslist.txt","master (commit não fixado)","não comprovada localmente","9b3c45c3aa96012843e2b58646002ab69011b9130b706f284440fdb5c8e833ad","2026-08-14 (mtime local; não comprova download)","não distribuível / uso local"
"tomcat-betterdefaultpasslist.txt","Tomcat default creds","SecLists","https://raw.githubusercontent.com/danielmiessler/SecLists/master/Passwords/Default-Credentials/tomcat-betterdefaultpasslist.txt","master (commit não fixado)","não comprovada localmente","ed531059c4ccc15f4cbf3c76fc4eb58953d5dece6d1bd6fab231b86694113381","2026-08-14 (mtime local; não comprova download)","não distribuível / uso local"
"Turkish_Pwdb_common-password-list-top-150.txt","Turco top-150","SecLists","https://raw.githubusercontent.com/danielmiessler/SecLists/master/Passwords/Common-Credentials/Language-Specific/Turkish_Pwdb_common-password-list-top-150.txt","master (commit não fixado)","não comprovada localmente","9ea7f064c0448fe8c321edf8da56ea937862ffc3d97878cecbd2952635e10ccd","2026-08-14 (mtime local; não comprova download)","não distribuível / uso local"
"tuscl.txt","TUSCL (senhas sem PII)","SecLists","https://raw.githubusercontent.com/danielmiessler/SecLists/master/Passwords/Leaked-Databases/tuscl.txt","master (commit não fixado)","não comprovada localmente","778051fb66cb8fbb15dfcd2034082484bb20eb6496532cc062779952a5807e26","2026-08-14 (mtime local; não comprova download)","não distribuível / uso local"
"twitter-banned.txt","Twitter banned","SecLists","https://raw.githubusercontent.com/danielmiessler/SecLists/master/Passwords/Leaked-Databases/twitter-banned.txt","master (commit não fixado)","não comprovada localmente","edd93ea47a2b519c56e9d83361c0ec2bfac08bc6060975e6cecfa8ec0b956f25","2026-08-14 (mtime local; não comprova download)","não distribuível / uso local"
"Ukranian_Pwdb_common-password-list-top-150.txt","Ucraniano top-150","SecLists","https://raw.githubusercontent.com/danielmiessler/SecLists/master/Passwords/Common-Credentials/Language-Specific/Ukranian_Pwdb_common-password-list-top-150.txt","master (commit não fixado)","não comprovada localmente","84d5822491e28fd857a5c6d087f9027da68686c3c9fbfd5058f69999fa13158f","2026-08-14 (mtime local; não comprova download)","não distribuível / uso local"
"vnc-betterdefaultpasslist.txt","VNC default creds","SecLists","https://raw.githubusercontent.com/danielmiessler/SecLists/master/Passwords/Default-Credentials/vnc-betterdefaultpasslist.txt","master (commit não fixado)","não comprovada localmente","2bb06280ad7440c974541c3451f1cb64733d5597d1c12d5f1f374f5c00fc718b","2026-08-14 (mtime local; não comprova download)","não distribuível / uso local"
"windows-betterdefaultpasslist.txt","Windows default creds","SecLists","https://raw.githubusercontent.com/danielmiessler/SecLists/master/Passwords/Default-Credentials/windows-betterdefaultpasslist.txt","master (commit não fixado)","não comprovada localmente","066d8234a16966750ebb8d96c287c54321d8fd28afb6054dd1d19edf9f595df2","2026-08-14 (mtime local; não comprova download)","não distribuível / uso local"
"wordlist-br_MrP4p3r.txt","wordlist-br 165k (nomes, cidades, times, numeros)","Mr-P4p3r/wordlist-br","https://raw.githubusercontent.com/Mr-P4p3r/wordlist-br/main/MrP4p3r","main (commit não fixado)","não comprovada localmente","21269895acaa6607ea5277a3d12d575ecd664d047d5e7a908107cdda9fabdadf","2026-08-14 (mtime local; não comprova download)","não distribuível / uso local"
"xato-net-10-million-passwords-100000.txt","XatoNet top-100k","SecLists","https://raw.githubusercontent.com/danielmiessler/SecLists/master/Passwords/Common-Credentials/xato-net-10-million-passwords-100000.txt","master (commit não fixado)","não comprovada localmente","1472aafa2561df5e3293aee252aee3ca660c12b399a283cf808bb01b39be388b","2026-08-14 (mtime local; não comprova download)","não distribuível / uso local"
"xato-net-10-million-passwords-1000000.txt","XatoNet top-1M (as mais usadas)","SecLists","https://raw.githubusercontent.com/danielmiessler/SecLists/master/Passwords/Common-Credentials/xato-net-10-million-passwords-1000000.txt","master (commit não fixado)","não comprovada localmente","424a3e03a17df0a2bc2b3ca749d81b04e79d59cb7aeec8876a5a3f308d0caf51","2026-08-14 (mtime local; não comprova download)","não distribuível / uso local"
"xato-net-10-million-passwords.txt","XatoNet 5.1M unicas (mais comuns primeiro)","SecLists","https://raw.githubusercontent.com/danielmiessler/SecLists/master/Passwords/Common-Credentials/xato-net-10-million-passwords.txt","master (commit não fixado)","não comprovada localmente","c95989fecfae9c91aa9f5c730344d5cabd6335bb094c9c60aba16bf1742a72fe","2026-08-14 (mtime local; não comprova download)","não distribuível / uso local"
